feature,coef
vol_dx,0.4791662999204209
sep_proxy,-0.005668503697319012
v_mean,-5.082067465461877e-06
n_obs,-3.4071110778182425e-07
liq_proxy,2.5955862255397485e-07
v_sum,1.205433364237507e-09
trades_per_hour,-2.915709895745522e-10
v_median,4.840457190884856e-13
